{
  "project_info": {
    "project_number": "705305672627",
    "firebase_url": "https://itsharks-80e7f.firebaseio.com",
    "project_id": "itsharks-80e7f",
    "storage_bucket": "itsharks-80e7f.appspot.com"
  },
  "client": [
    {
      "client_info": {
        "mobilesdk_app_id": "1:705305672627:android:3786aaeaec1b8e48",
        "android_client_info": {
          "package_name": "aboalarbe.app.com.itsharks"
        }
      },
      "oauth_client": [
        {
          "client_id": "705305672627-mrmd3740rppbr8btj50qs26oig25rsqu.apps.googleusercontent.com",
          "client_type": 1,
          "android_info": {
            "package_name": "aboalarbe.app.com.itsharks",
            "certificate_hash": "c4a338123b13f8004441f2339f6402a7833eab07"
          }
        },
        {
          "client_id": "705305672627-7htv68fttqjvu6igjn5a3amdgtvdbgq0.apps.googleusercontent.com",
          "client_type": 3
        }
      ],
      "api_key": [
        {
          "current_key": "AIzaSyCDX4gJKvfmcPAgBFQrFX3rAw4V8P3pJ10"
        }
      ],
      "services": {
        "analytics_service": {
          "status": 1
        },
        "appinvite_service": {
          "status": 2,
          "other_platform_oauth_client": [
            {
              "client_id": "705305672627-7htv68fttqjvu6igjn5a3amdgtvdbgq0.apps.googleusercontent.com",
              "client_type": 3
            }
          ]
        },
        "ads_service": {
          "status": 2
        }
      }
    }
  ],
  "configuration_version": "1"
}